<?xml version="1.0" encoding="UTF-8"?>
<beans xmlns="http://www.springframework.org/schema/beans"
       xmlns:tx="http://www.springframework.org/schema/tx"
       xmlns:xsi="http://www.w3.org/2001/XMLSchema-instance"
       xmlns:context="http://www.springframework.org/schema/context"
       xmlns:jpa="http://www.springframework.org/schema/data/jpa"
       xsi:schemaLocation="http://www.springframework.org/schema/beans http://www.springframework.org/schema/beans/spring-beans.xsd
       http://www.springframework.org/schema/tx http://www.springframework.org/schema/tx/spring-tx.xsd http://www.springframework.org/schema/context http://www.springframework.org/schema/context/spring-context.xsd http://www.springframework.org/schema/data/jpa http://www.springframework.org/schema/data/jpa/spring-jpa.xsd">

       <!--@Transaction annotation support -->
       <tx:annotation-driven transaction-manager="transactionManager"/>

       <!--Обеспечивает работу с транзакциями в Spring -->
       <bean id="transactionManager" class="org.springframework.orm.jpa.JpaTransactionManager">
              <property name="entityManagerFactory" ref="emf"/>
       </bean>

       <!-- EntityManagerFactory -->
       <bean id="emf" class="org.springframework.orm.jpa.LocalContainerEntityManagerFactoryBean">
              <property name="dataSource" ref="dataSource" />
              <!--Поставщик данных - hibernate-->
              <property name="jpaVendorAdapter">
                     <bean class="org.springframework.orm.jpa.vendor.HibernateJpaVendorAdapter" />
              </property>
              <!--поиск сущностей в этом пакете-->
              <property name="packagesToScan"
                        value="ru.geekbrains.java3.lesson2.springdata"/>
              <!--детали конфигурации поставщика постоянства (hibernate) -->
              <property name="jpaProperties">
                     <props>
                            <prop key="hbm2ddl.auto">create</prop>
                            <prop key="hibernate.dialect">org.hibernate.dialect.PostgreSQL9Dialect</prop>
                            <prop key="hibernate.max_fetch_depth">3</prop>
                            <prop key="hibernate.jdbc.fetch_size">50</prop>
                            <prop key="hibernate.jdbc.batch_size">10</prop>
                            <prop key="hibernate.show_sql">true</prop>
                     </props>
              </property>
       </bean>

       <!-- Datasource. Источник данных - база  -->
       <bean id="dataSource" class="org.springframework.jdbc.datasource.DriverManagerDataSource">
              <property name="driverClassName" value="org.postgresql.Driver" />
              <property name="url" value="jdbc:postgresql://localhost:5432/postgres" />
              <property name="username" value="postgres" />
              <property name="password" value="postgres" />
       </bean>

       <!--Activates various annotations to be detected in bean classes: Spring's @Required and @Autowired and so on-->
       <context:annotation-config/>

       <!--Scanning components in base-package (look for annotations) -->
       <context:component-scan base-package="ru.geekbrains.java3.lesson2.springdata"/>

       <!-- Need for Repository abstraction -->
       <jpa:repositories base-package="ru.geekbrains.java3.lesson2.springdata.repository"
                         entity-manager-factory-ref="emf"
                         transaction-manager-ref="transactionManager"/>

</beans>